Date,High,Low,Open,Close,Volume,Adj Close
2019-01-01,32.09758377075195,30.264280319213867,30.458393096923828,31.979930877685547,379429124.0,31.979930877685547
2019-01-02,33.7933235168457,31.765974044799805,32.0212287902832,33.43368148803711,414331918.0,33.43368148803711
2019-01-03,33.42070388793945,31.592479705810547,33.353572845458984,32.02669906616211,345068249.0,32.02669906616211
2019-01-04,33.02334976196289,31.437557220458984,32.01652526855469,32.40416717529297,391010579.0,32.40416717529297
2019-01-05,36.14344024658203,32.34479522705078,32.34554672241211,34.936866760253906,640607603.0,34.936866760253906
2019-01-06,39.95914077758789,34.784061431884766,34.84721755981445,39.29885482788086,809493170.0,39.29885482788086
2019-01-07,39.647560119628906,37.61374282836914,39.27975082397461,37.8062744140625,586891613.0,37.8062744140625
2019-01-08,40.95065689086914,37.91899108886719,37.91899108886719,39.47971725463867,643946959.0,39.47971725463867
2019-01-09,40.27861404418945,38.90272521972656,39.44645309448242,38.98553466796875,504601883.0,38.98553466796875
2019-01-10,39.52403259277344,33.0317497253418,38.98713684082031,33.86600875854492,701124437.0,33.86600875854492
2019-01-11,34.09872817993164,32.046043395996094,33.683475494384766,32.32762908935547,628980637.0,32.32762908935547
2019-01-12,32.938995361328125,32.0305061340332,32.456207275390625,32.38442611694336,491524393.0,32.38442611694336
2019-01-13,33.13856506347656,30.12771224975586,32.39582443237305,30.332897186279297,564244096.0,30.332897186279297
2019-01-14,32.73394775390625,30.310152053833008,30.378097534179688,32.35824203491211,593098938.0,32.35824203491211
2019-01-15,32.706947326660156,31.079927444458008,32.38420486450195,31.507068634033203,527294088.0,31.507068634033203
2019-01-16,32.24639129638672,31.26805877685547,31.438589096069336,31.82341766357422,539347966.0,31.82341766357422
2019-01-17,31.94688606262207,30.6761474609375,31.850112915039062,31.88865089416504,609389197.0,31.88865089416504
2019-01-18,31.940603256225586,30.955570220947266,31.913450241088867,31.311487197875977,566482194.0,31.311487197875977
2019-01-19,33.11235809326172,31.368427276611328,31.480209350585938,32.550724029541016,585789957.0,32.550724029541016
2019-01-20,33.35414505004883,30.935497283935547,32.49004364013672,31.176406860351562,584024741.0,31.176406860351562
2019-01-21,31.389184951782227,30.956666946411133,31.188655853271484,31.21286964416504,531048792.0,31.21286964416504
2019-01-22,32.019771575927734,30.324674606323242,31.21330451965332,31.684425354003906,589374367.0,31.684425354003906
2019-01-23,32.386165618896484,31.558425903320312,31.669023513793945,32.001956939697266,613521888.0,32.001956939697266
2019-01-24,33.0421257019043,31.427627563476562,32.042972564697266,32.77610778808594,614405338.0,32.77610778808594
2019-01-25,33.2095947265625,32.273338317871094,32.8204345703125,32.9818115234375,661476020.0,32.9818115234375
2019-01-26,33.95001220703125,32.86662673950195,32.967960357666016,33.1505241394043,694481467.0,33.1505241394043
2019-01-27,33.34574890136719,32.080501556396484,33.08196258544922,32.59283447265625,678149673.0,32.59283447265625
2019-01-28,32.71674728393555,30.52311134338379,32.51712417602539,31.19925880432129,812860294.0,31.19925880432129
2019-01-29,31.457534790039062,30.43724822998047,31.235544204711914,31.097110748291016,707842400.0,31.097110748291016
2019-01-30,32.08937454223633,30.86351776123047,31.066558837890625,31.930953979492188,694822148.0,31.930953979492188
2019-01-31,32.43729782104492,31.39546012878418,31.89085578918457,31.652175903320312,654137406.0,31.652175903320312
2019-02-01,33.44944381713867,31.12713623046875,31.71952247619629,32.82707977294922,825977656.0,32.82707977294922
2019-02-02,34.557167053222656,32.728092193603516,32.8179817199707,34.39482879638672,829064166.0,34.39482879638672
2019-02-03,34.56844711303711,33.11767578125,34.431209564208984,33.43925476074219,820461891.0,33.43925476074219
2019-02-04,34.42838668823242,33.464359283447266,33.464359283447266,34.10862731933594,740036504.0,34.10862731933594
2019-02-05,34.38839340209961,33.777740478515625,34.00916290283203,34.25664520263672,708712284.0,34.25664520263672
2019-02-06,34.34730529785156,32.54347610473633,34.34730529785156,32.932987213134766,748545366.0,32.932987213134766
2019-02-07,33.59257888793945,32.87847137451172,32.9053955078125,33.22241973876953,652002936.0,33.22241973876953
2019-02-08,43.90346908569336,33.00557327270508,33.23527145385742,43.4647216796875,1721691113.0,43.4647216796875
2019-02-09,45.86474609375,42.26860046386719,43.02186584472656,44.790283203125,1509978243.0,44.790283203125
2019-02-10,47.09407043457031,42.90381622314453,44.763633728027344,46.82740783691406,1420578823.0,46.82740783691406
2019-02-11,46.881832122802734,42.397342681884766,46.881832122802734,43.18254089355469,1229169302.0,43.18254089355469
2019-02-12,44.14329147338867,42.54317855834961,43.16887283325195,43.92864227294922,1098569294.0,43.92864227294922
2019-02-13,44.51005172729492,41.416805267333984,43.83333969116211,41.997642517089844,1087815590.0,41.997642517089844
2019-02-14,42.5533561706543,41.26705551147461,41.87549591064453,41.64054870605469,997741394.0,41.64054870605469
2019-02-15,43.6757926940918,41.61971664428711,41.64327621459961,42.699668884277344,1043820661.0,42.699668884277344
2019-02-16,44.18357849121094,42.56769561767578,42.759765625,43.59476089477539,1017844635.0,43.59476089477539
2019-02-17,44.649574279785156,42.91134262084961,43.39625930786133,43.928367614746094,1089205822.0,43.928367614746094
2019-02-18,49.21957778930664,43.842010498046875,43.88195037841797,48.043174743652344,1462180271.0,48.043174743652344
2019-02-19,49.18318176269531,47.268829345703125,48.13616943359375,47.86467742919922,1417050580.0,47.86467742919922
2019-02-20,52.158390045166016,47.41093444824219,47.82089614868164,51.78596496582031,1582934318.0,51.78596496582031
2019-02-21,51.835323333740234,48.68165969848633,51.835323333740234,49.1515998840332,1259734341.0,49.1515998840332
2019-02-22,50.027671813964844,48.717384338378906,49.132930755615234,49.80573272705078,1213665948.0,49.80573272705078
2019-02-23,51.88578414916992,48.66763687133789,49.67182159423828,51.68092727661133,1278039837.0,51.68092727661133
2019-02-24,53.415828704833984,43.65616226196289,51.68029022216797,44.678592681884766,1618048131.0,44.678592681884766
2019-02-25,47.19085693359375,44.57594680786133,44.57594680786133,46.21306610107422,1212141472.0,46.21306610107422
2019-02-26,46.517333984375,45.09392166137695,46.17646026611328,45.49113082885742,1060325373.0,45.49113082885742
2019-02-27,46.138301849365234,44.41291427612305,45.49864196777344,45.581424713134766,1061879935.0,45.581424713134766
2019-02-28,46.92005920410156,45.59764862060547,45.61649703979492,46.23725509643555,1119495712.0,46.23725509643555
2019-03-01,48.98780059814453,46.14991760253906,46.23541259765625,47.487239837646484,1175425172.0,47.487239837646484
2019-03-02,49.64073944091797,47.46395492553711,47.48123550415039,49.01536560058594,1227656624.0,49.01536560058594
2019-03-03,49.38588333129883,48.093162536621094,49.02194595336914,48.38032150268555,1102677211.0,48.38032150268555
2019-03-04,48.6493034362793,45.85337448120117,48.33495330810547,46.43203353881836,1243464082.0,46.43203353881836
2019-03-05,54.02388381958008,46.14234161376953,46.523563385009766,53.1324577331543,2000300862.0,53.1324577331543
2019-03-06,56.26727294921875,52.27675247192383,53.020225524902344,55.784278869628906,1998850452.0,55.784278869628906
2019-03-07,58.99951934814453,55.07939147949219,55.8377685546875,57.18903350830078,2410843754.0,57.18903350830078
2019-03-08,57.6500244140625,55.45344924926758,57.435508728027344,56.09954833984375,1977538387.0,56.09954833984375
2019-03-09,59.285743713378906,56.00178146362305,56.00178146362305,58.086891174316406,2145350395.0,58.086891174316406
2019-03-10,58.25138854980469,56.59122085571289,58.09852981567383,57.18186569213867,1778709344.0,57.18186569213867
2019-03-11,57.848880767822266,54.82707214355469,57.18770217895508,55.42021560668945,1839260243.0,55.42021560668945
2019-03-12,57.263145446777344,53.49565124511719,55.41301727294922,56.99705505371094,1666711996.0,56.99705505371094
2019-03-13,57.21018981933594,55.43373489379883,57.07566452026367,55.93318557739258,1465625295.0,55.93318557739258
2019-03-14,57.75611114501953,55.785194396972656,55.86001205444336,56.58418273925781,1610293200.0,56.58418273925781
2019-03-15,59.386192321777344,56.5416374206543,56.5416374206543,58.9892578125,1824454595.0,58.9892578125
2019-03-16,62.093448638916016,58.99413299560547,58.99413299560547,61.84475326538086,1997899601.0,61.84475326538086
2019-03-17,61.98963928222656,60.78253936767578,61.881492614746094,61.243778228759766,1609232029.0,61.243778228759766
2019-03-18,62.77064895629883,59.5024299621582,61.28428268432617,60.26480484008789,1971826811.0,60.26480484008789
2019-03-19,60.947174072265625,59.7523193359375,60.22429656982422,60.61556625366211,1824124623.0,60.61556625366211
2019-03-20,60.95704650878906,58.56939697265625,60.677913665771484,60.8465461730957,1990264182.0,60.8465461730957
2019-03-21,61.08232879638672,58.73954391479492,60.86749267578125,59.378326416015625,1766689848.0,59.378326416015625
2019-03-22,60.284576416015625,58.8876953125,59.3026123046875,59.82400131225586,1660894830.0,59.82400131225586
2019-03-23,61.70700454711914,59.507808685302734,59.79153060913086,61.34861373901367,2009701790.0,61.34861373901367
2019-03-24,61.247283935546875,59.71322250366211,61.242916107177734,60.223876953125,2041814465.0,60.223876953125
2019-03-25,60.926551818847656,58.999908447265625,60.30268096923828,59.49673843383789,2057863894.0,59.49673843383789
2019-03-26,59.65300750732422,58.334938049316406,59.50830841064453,59.343528747558594,2020400713.0,59.343528747558594
2019-03-27,62.288082122802734,59.32523727416992,59.40789794921875,62.25143051147461,2220590688.0,62.25143051147461
2019-03-28,62.22245788574219,60.74556350708008,62.22245788574219,61.17048645019531,1818355774.0,61.17048645019531
2019-03-29,61.532344818115234,60.2597770690918,61.16759490966797,61.301612854003906,1977436351.0,61.301612854003906
2019-03-30,64.1090087890625,60.36506271362305,61.25409698486328,60.62196350097656,1698116593.0,60.62196350097656
2019-03-31,60.850318908691406,60.212364196777344,60.63848114013672,60.75539779663086,1646531872.0,60.75539779663086
2019-03-31,60.985172271728516,60.41389083862305,60.76983642578125,60.67799377441406,1712538382.0,60.67799377441406
2019-04-01,77.41172790527344,60.537776947021484,60.70470428466797,76.1932601928711,4161362861.0,76.1932601928711
2019-04-02,97.49525451660156,76.0096435546875,76.25630187988281,84.92193603515625,6206102119.0,84.92193603515625
2019-04-03,89.33838653564453,81.56863403320312,85.1739273071289,84.98090362548828,4195622761.0,84.98090362548828
2019-04-04,89.58201599121094,84.92327880859375,85.03794860839844,88.67786407470703,3512861847.0,88.67786407470703
2019-04-05,96.7413558959961,86.31238555908203,88.70777130126953,92.57341766357422,3857950929.0,92.57341766357422
2019-04-06,95.39466857910156,90.08541870117188,92.42137145996094,92.31237030029297,3314848880.0,92.31237030029297
2019-04-07,93.82284545898438,87.0640869140625,92.32789611816406,89.4930419921875,3295695862.0,89.4930419921875
2019-04-08,89.49773406982422,85.00721740722656,89.49773406982422,86.7869644165039,2742631078.0,86.7869644165039
2019-04-09,90.35243225097656,86.74703979492188,86.77433013916016,88.37773895263672,2765900677.0,88.37773895263672
2019-04-10,88.52174377441406,76.65676879882812,88.3935317993164,79.67799377441406,3461536000.0,79.67799377441406
2019-04-11,80.26605987548828,76.44163513183594,79.63264465332031,78.96395874023438,2839796022.0,78.96395874023438
2019-04-12,81.102783203125,76.69335174560547,78.94670867919922,78.22130584716797,2379257754.0,78.22130584716797
2019-04-13,82.9375228881836,76.97917175292969,78.20467376708984,82.9375228881836,2328308745.0,82.9375228881836
2019-04-14,83.84815216064453,76.98197174072266,83.014892578125,79.05470275878906,2742760721.0,79.05470275878906
2019-04-15,81.83829498291016,78.02865600585938,79.03822326660156,81.34928131103516,2176907331.0,81.34928131103516
2019-04-16,82.00177764892578,79.08088684082031,81.35240936279297,79.32746887207031,2060101784.0,79.32746887207031
2019-04-17,83.20145416259766,79.30755615234375,79.39220428466797,82.07487487792969,2616912436.0,82.07487487792969
2019-04-18,83.18848419189453,80.43392944335938,82.09881591796875,82.56922149658203,2608961075.0,82.56922149658203
2019-04-19,82.89277648925781,80.27595520019531,82.55038452148438,81.51249694824219,2422737857.0,81.51249694824219
2019-04-20,81.8905029296875,75.02021026611328,81.52201843261719,77.33155822753906,2957685726.0,77.33155822753906
2019-04-21,77.88958740234375,75.69957733154297,77.2944107055664,76.94807434082031,2657300819.0,76.94807434082031
2019-04-22,79.46178436279297,74.63941192626953,76.85350036621094,74.84502410888672,2920088568.0,74.84502410888672
2019-04-23,75.23564910888672,71.35606384277344,74.75387573242188,73.30894470214844,3347048436.0,73.30894470214844
2019-04-24,74.50772094726562,71.05500030517578,73.24531555175781,71.24811553955078,2754712046.0,71.24811553955078
2019-04-25,74.51300811767578,70.19367218017578,71.3633041381836,73.11534881591797,3041612619.0,73.11534881591797
2019-04-26,73.3286361694336,71.99333190917969,73.21337127685547,72.12090301513672,2059777054.0,72.12090301513672
2019-04-27,72.48282623291016,69.08003234863281,72.12030792236328,69.72679901123047,2362638270.0,69.72679901123047
2019-04-28,70.2292251586914,67.26605987548828,69.78425598144531,67.96038055419922,2532498296.0,67.96038055419922
2019-04-29,74.66829681396484,67.9505844116211,67.9505844116211,74.28087615966797,3065300354.0,74.28087615966797
2019-04-30,75.420654296875,72.29801177978516,74.30335235595703,73.65776824951172,2871792311.0,73.65776824951172
2019-05-01,74.5236587524414,73.09578704833984,73.68275451660156,73.77717590332031,2903392114.0,73.77717590332031
2019-05-02,80.41926574707031,73.4426040649414,73.76445007324219,79.32653045654297,3850339792.0,79.32653045654297
2019-05-03,82.01958465576172,75.7961654663086,79.30793762207031,78.0638427734375,3502670655.0,78.0638427734375
2019-05-04,78.15052795410156,75.53789520263672,78.00423431396484,75.98436737060547,2650746461.0,75.98436737060547
2019-05-05,76.39363861083984,72.3252944946289,76.02898406982422,74.98275756835938,2933488799.0,74.98275756835938
2019-05-06,78.00873565673828,74.66644287109375,74.97994232177734,74.69300079345703,3088433048.0,74.69300079345703
2019-05-07,75.318115234375,73.10152435302734,74.64736938476562,74.62028503417969,2532851418.0,74.62028503417969
2019-05-08,75.93289184570312,72.98983764648438,74.59397888183594,74.17713928222656,2436426305.0,74.17713928222656
2019-05-09,78.7241439819336,73.0380630493164,74.18959045410156,77.1666488647461,3051537532.0,77.1666488647461
2019-05-10,94.54438018798828,77.1092300415039,77.16275024414062,89.22225952148438,5491744173.0,89.22225952148438
2019-05-11,93.17626953125,83.82306671142578,89.53929901123047,84.56551361083984,5582599422.0,84.56551361083984
2019-05-12,92.37200927734375,84.29974365234375,84.63257598876953,88.05823516845703,4658762984.0,88.05823516845703
2019-05-13,93.37297821044922,87.65838623046875,88.05304718017578,91.62040710449219,4930071296.0,91.62040710449219
2019-05-14,103.1400146484375,90.81726837158203,91.66155242919922,101.74456787109375,5168624436.0,101.74456787109375
2019-05-15,106.20565032958984,92.56511688232422,101.5731430053711,95.58558654785156,6442000276.0,95.58558654785156
2019-05-16,97.2586669921875,84.93778228759766,95.63260650634766,88.99523162841797,5319840521.0,88.99523162841797
2019-05-17,89.87495422363281,85.8005142211914,89.01001739501953,86.70018768310547,3317998478.0,86.70018768310547
2019-05-18,96.54276275634766,86.12923431396484,86.67533111572266,95.32119750976562,4108852208.0,95.32119750976562
2019-05-19,95.33937072753906,88.56927490234375,95.33937072753906,91.4936752319336,3566921483.0,91.4936752319336
2019-05-20,92.44412994384766,89.58797454833984,91.57208251953125,91.50775146484375,3145769021.0,91.50775146484375
2019-05-21,92.00270080566406,87.5451431274414,91.5051040649414,88.2105712890625,3398528443.0,88.2105712890625
2019-05-22,89.7386703491211,85.23011779785156,88.1976089477539,89.17677307128906,3208807269.0,89.17677307128906
2019-05-23,102.74993133544922,88.3244400024414,88.97394561767578,99.90303039550781,5393657682.0,99.90303039550781
2019-05-24,104.10557556152344,98.7228775024414,100.04553985595703,102.67231750488281,4507357465.0,102.67231750488281
2019-05-25,112.6732177734375,99.74384307861328,102.70059204101562,111.4186019897461,5168378349.0,111.4186019897461
2019-05-26,120.69171142578125,111.1279525756836,111.43529510498047,118.03260040283203,6355361291.0,118.03260040283203
2019-05-27,117.89189147949219,112.99124145507812,117.89189147949219,114.93115997314453,4171886802.0,114.93115997314453
2019-05-28,117.87444305419922,110.47267150878906,114.92544555664062,115.08123016357422,4122926836.0,115.08123016357422
2019-05-29,119.74174499511719,105.29833221435547,115.14059448242188,108.79557800292969,4971290022.0,108.79557800292969
2019-05-30,114.62804412841797,105.91383361816406,108.69622039794922,114.53695678710938,4207966341.0,114.53695678710938
2019-05-31,115.6069107055664,111.67902374267578,114.46625518798828,112.61927032470703,3807158511.0,112.61927032470703
2019-06-01,116.24699401855469,111.91221618652344,112.71016693115234,114.70283508300781,3434073037.0,114.70283508300781
2019-06-02,115.90577697753906,106.46244812011719,114.66870880126953,107.46857452392578,3832352496.0,107.46857452392578
2019-06-03,107.37293243408203,99.2943115234375,107.37293243408203,102.08782196044922,4316694183.0,102.08782196044922
2019-06-04,104.84400177001953,101.21884155273438,102.11949920654297,103.84928894042969,3585162872.0,103.84928894042969
2019-06-05,111.33433532714844,102.08814239501953,103.80683135986328,111.10722351074219,4142250662.0,111.10722351074219
2019-06-06,120.63969421386719,109.5865707397461,110.97515106201172,117.3744125366211,5140908477.0,117.3744125366211
2019-06-07,119.49824523925781,114.45549774169922,117.278076171875,118.55203247070312,4689557936.0,118.55203247070312
2019-06-08,119.13320922851562,112.56881713867188,118.5860595703125,115.1323013305664,4360301111.0,115.1323013305664
2019-06-09,129.7088165283203,113.1698989868164,114.99555969238281,129.07144165039062,5449266884.0,129.07144165039062
2019-06-10,138.14874267578125,125.9625244140625,129.26412963867188,136.0297393798828,5441787587.0,136.0297393798828
2019-06-11,142.70640563964844,132.23800659179688,136.08583068847656,135.65374755859375,5855623530.0,135.65374755859375
2019-06-12,136.88600158691406,129.1358184814453,135.68211364746094,131.3517608642578,4947794845.0,131.3517608642578
2019-06-13,133.1774444580078,126.86178588867188,131.3140106201172,133.0532684326172,4352005824.0,133.0532684326172
2019-06-14,139.186279296875,133.1439666748047,133.1798095703125,138.12709045410156,4329002013.0,138.12709045410156
2019-06-15,138.7944793701172,134.54083251953125,138.14878845214844,137.12225341796875,4372645801.0,137.12225341796875
2019-06-16,137.27732849121094,133.05030822753906,137.12994384765625,134.43809509277344,3230230843.0,134.43809509277344
2019-06-17,135.92283630371094,129.7471466064453,134.4720916748047,135.1587371826172,3720828769.0,135.1587371826172
2019-06-18,139.34060668945312,134.03050231933594,135.1526641845703,136.6031951904297,4383960510.0,136.6031951904297
2019-06-19,137.08358764648438,132.64306640625,136.60227966308594,135.47984313964844,3880682308.0,135.47984313964844
2019-06-20,141.07347106933594,135.50851440429688,135.50851440429688,138.88375854492188,4378260963.0,138.88375854492188
2019-06-21,146.43467712402344,138.479736328125,139.03695678710938,141.90304565429688,5488615002.0,141.90304565429688
2019-06-22,142.56011962890625,136.321533203125,141.94515991210938,136.88217163085938,3998980168.0,136.88217163085938
2019-06-23,138.6890106201172,132.83248901367188,136.92086791992188,135.5327606201172,3907725105.0,135.5327606201172
2019-06-24,138.1245574951172,130.8856964111328,135.58094787597656,136.48939514160156,4411092400.0,136.48939514160156
2019-06-25,138.3216094970703,128.944091796875,136.4770050048828,131.2650909423828,5565887285.0,131.2650909423828
2019-06-26,132.0428466796875,110.66587829589844,131.22300720214844,114.40476989746094,5588611122.0,114.40476989746094
2019-06-27,122.02327728271484,113.46674346923828,114.4111099243164,120.15009307861328,4683311766.0,120.15009307861328
2019-06-28,135.74449157714844,116.21924591064453,120.15509796142578,133.66278076171875,5745785825.0,133.66278076171875
2019-06-29,136.25967407226562,120.44098663330078,133.72463989257812,122.24911499023438,5525273220.0,122.24911499023438
2019-06-30,126.02436828613281,114.22135162353516,122.1141357421875,122.5837173461914,5034162436.0,122.5837173461914
2019-07-01,123.29338836669922,112.64794158935547,122.55633544921875,119.24369812011719,4761878443.0,119.24369812011719
2019-07-02,123.73639678955078,118.37224578857422,119.33422088623047,122.56411743164062,4529682890.0,122.56411743164062
2019-07-03,126.67379760742188,119.0459976196289,122.50275421142578,119.97692108154297,4564200301.0,119.97692108154297
2019-07-04,120.64836883544922,117.1535873413086,119.83766174316406,118.35250854492188,4110868217.0,118.35250854492188
2019-07-05,121.29405975341797,117.32711791992188,118.37871551513672,117.82362365722656,3484378308.0,117.82362365722656
2019-07-06,120.32526397705078,117.6410903930664,118.02600860595703,120.32087707519531,3348662401.0,120.32087707519531
2019-07-07,125.08201599121094,118.59856414794922,120.28349304199219,123.28548431396484,3803750017.0,123.28548431396484
2019-07-08,124.16542053222656,118.22809600830078,123.24710083007812,119.43281555175781,3785641025.0,119.43281555175781
2019-07-09,120.10431671142578,103.82218933105469,119.5009994506836,108.50025939941406,4699511838.0,108.50025939941406
2019-07-10,108.57040405273438,97.28199768066406,108.57040405273438,102.64430236816406,4633853162.0,102.64430236816406
2019-07-11,106.3561019897461,101.21263122558594,102.82732391357422,105.30005645751953,3611846208.0,105.30005645751953
2019-07-12,105.59156799316406,98.0140380859375,105.28663635253906,101.02479553222656,3353538171.0,101.02479553222656
2019-07-13,101.68443298339844,88.80690002441406,101.10679626464844,89.77047729492188,3717531246.0,89.77047729492188
2019-07-14,92.63166046142578,85.68106842041016,89.85773468017578,90.9229736328125,3570361793.0,90.9229736328125
2019-07-15,92.06021118164062,77.49899291992188,90.90007019042969,79.49993133544922,3703346636.0,79.49993133544922
2019-07-16,93.04772186279297,77.49747467041016,79.4073257446289,89.81072235107422,4616360556.0,89.81072235107422
2019-07-17,103.1461181640625,87.44803619384766,89.69473266601562,101.08541870117188,4890332056.0,101.08541870117188
2019-07-18,101.17887878417969,95.72212219238281,101.08193969726562,98.40265655517578,3983990085.0,98.40265655517578
2019-07-19,104.61331939697266,97.70774841308594,98.45692443847656,100.60993957519531,3771308934.0,100.60993957519531
2019-07-20,101.46703338623047,96.9504165649414,100.50656127929688,99.6275863647461,2829054215.0,99.6275863647461
2019-07-21,100.2451171875,92.30303955078125,99.55789184570312,95.41738891601562,2693989249.0,95.41738891601562
2019-07-22,95.47981262207031,89.44454193115234,95.40665435791016,90.62262725830078,2700924026.0,90.62262725830078
2019-07-23,96.41960906982422,88.1529312133789,90.46114349365234,94.3096694946289,3247150970.0,94.3096694946289
2019-07-24,95.84864807128906,92.47152709960938,94.35980987548828,93.44631958007812,2690273677.0,93.44631958007812
2019-07-25,94.54645538330078,90.75366973876953,93.41134643554688,94.30501556396484,2260844511.0,94.30501556396484
2019-07-26,95.6519775390625,87.69709014892578,94.31610870361328,88.88902282714844,2626517608.0,88.88902282714844
2019-07-27,90.41407775878906,85.35436248779297,88.8858871459961,89.76933288574219,2460180908.0,89.76933288574219
2019-07-28,91.39435577392578,88.56600952148438,89.77179718017578,90.42642211914062,2457824867.0,90.42642211914062
2019-07-29,92.19244384765625,89.02040100097656,90.47145080566406,90.56694793701172,2302521844.0,90.56694793701172
2019-07-30,99.48381042480469,90.33488464355469,90.47100067138672,98.50957489013672,3051471469.0,98.50957489013672
2019-07-31,100.25748443603516,95.98094177246094,98.56668853759766,99.17972564697266,2953184689.0,99.17972564697266
2019-08-01,99.1995849609375,93.54407501220703,99.1995849609375,94.94129180908203,2882784454.0,94.94129180908203
2019-08-02,96.84276580810547,94.15895080566406,95.01681518554688,94.58087921142578,2512959054.0,94.58087921142578
2019-08-03,95.39308166503906,91.45407104492188,94.5982437133789,93.20378112792969,2427608117.0,93.20378112792969
2019-08-04,105.5912857055664,93.08528137207031,93.08528137207031,96.83464813232422,4134352823.0,96.83464813232422
2019-08-05,98.97561645507812,91.66018676757812,96.88960266113281,93.06971740722656,3245339849.0,93.06971740722656
2019-08-06,93.73897552490234,88.54072570800781,93.03887176513672,90.91259765625,3105989436.0,90.91259765625
2019-08-07,91.72232818603516,88.49970245361328,90.91156768798828,90.03160858154297,3034717882.0,90.03160858154297
2019-08-08,90.35707092285156,83.48514556884766,90.08919525146484,84.43937683105469,3003278177.0,84.43937683105469
2019-08-09,87.11417388916016,83.13603210449219,84.3909912109375,85.41947937011719,3088060147.0,85.41947937011719
2019-08-10,91.03135681152344,85.44612121582031,85.45075225830078,89.75267028808594,3025787942.0,89.75267028808594
2019-08-11,89.70867919921875,85.63082122802734,89.702392578125,85.74922943115234,2716187719.0,85.74922943115234
2019-08-12,86.32353210449219,83.34724426269531,85.74642944335938,84.40614318847656,2681787838.0,84.40614318847656
2019-08-13,85.5505142211914,75.96186065673828,84.42034912109375,76.06498718261719,3093090406.0,76.06498718261719
2019-08-14,78.50770568847656,72.9977798461914,76.13327026367188,76.38897705078125,3654075558.0,76.38897705078125
2019-08-15,77.16976928710938,73.06852722167969,76.31524658203125,74.92015075683594,3016089036.0,74.92015075683594
2019-08-16,75.33065795898438,72.26969146728516,74.90509033203125,72.79772186279297,2482385549.0,72.79772186279297
2019-08-17,77.55828094482422,71.66908264160156,72.839599609375,76.26995086669922,2743241606.0,76.26995086669922
2019-08-18,78.50802612304688,75.88134765625,76.33711242675781,77.26319122314453,2346796021.0,77.26319122314453
2019-08-19,77.44202423095703,73.94193267822266,77.29838562011719,75.19656372070312,2430165429.0,75.19656372070312
2019-08-20,75.46507263183594,70.58210754394531,75.24427795410156,72.96495056152344,2878567011.0,72.96495056152344
2019-08-21,74.57101440429688,71.30902099609375,72.95076751708984,73.59859466552734,2908864703.0,73.59859466552734
2019-08-22,75.6928482055664,72.86895751953125,73.57733154296875,75.40281677246094,2496513401.0,75.40281677246094
2019-08-23,75.6932144165039,72.32014465332031,75.40780639648438,73.46361541748047,2191973575.0,73.46361541748047
2019-08-24,74.7339859008789,71.17426300048828,73.47003936767578,72.30814361572266,2227400267.0,72.30814361572266
2019-08-25,74.98611450195312,72.12271118164062,72.32022857666016,73.857177734375,3046136697.0,73.857177734375
2019-08-26,73.93386840820312,72.36612701416016,73.93386840820312,72.83622741699219,2489689274.0,72.83622741699219
2019-08-27,73.04862213134766,66.53832244873047,72.90277099609375,67.42554473876953,2883041616.0,67.42554473876953
2019-08-28,67.43074798583984,63.62866973876953,67.35533905029297,64.09805297851562,3092332444.0,64.09805297851562
2019-08-29,65.43724060058594,62.61457824707031,64.08373260498047,64.33297729492188,2377466438.0,64.33297729492188
2019-08-30,65.26631927490234,63.01076126098633,64.35909271240234,64.5760498046875,2283340831.0,64.5760498046875
2019-08-31,66.77418518066406,64.49559783935547,64.55860900878906,66.14472198486328,2228146663.0,66.14472198486328
2019-09-01,67.55126190185547,64.95519256591797,66.1136245727539,66.94495391845703,2400017919.0,66.94495391845703
2019-09-02,70.70952606201172,66.63894653320312,66.99076843261719,69.12925720214844,2816706430.0,69.12925720214844
2019-09-03,69.23666381835938,67.06103515625,69.17649841308594,67.28562927246094,2696779274.0,67.28562927246094
2019-09-04,67.62285614013672,64.61590576171875,67.3087387084961,65.39556884765625,2379080140.0,65.39556884765625
2019-09-05,67.88983154296875,64.89051055908203,65.38672637939453,65.22820281982422,2595201216.0,65.22820281982422
2019-09-06,70.29487609863281,64.90352630615234,65.23687744140625,69.03871154785156,2763572250.0,69.03871154785156
2019-09-07,71.10938262939453,68.93650817871094,69.01606750488281,70.54936981201172,2776939870.0,70.54936981201172
2019-09-08,70.80872344970703,68.5150375366211,70.61939239501953,70.1922378540039,2654086135.0,70.1922378540039
2019-09-09,72.67292785644531,70.0732421875,70.1321029663086,70.82339477539062,2893715133.0,70.82339477539062
2019-09-10,71.41376495361328,68.97483825683594,70.87614440917969,69.9221420288086,2569282757.0,69.9221420288086
2019-09-11,70.14852905273438,68.73841857910156,69.95857238769531,69.2250747680664,2316445209.0,69.2250747680664
2019-09-12,69.71765899658203,67.91339874267578,69.23320770263672,68.98861694335938,2368931048.0,68.98861694335938
2019-09-13,71.16039276123047,68.48624420166016,69.02195739746094,70.56230163574219,2439744085.0,70.56230163574219
2019-09-14,71.23120880126953,69.97159576416016,70.58721923828125,70.31517791748047,2330572400.0,70.31517791748047
2019-09-15,73.26958465576172,70.1119613647461,70.32331848144531,72.57311248779297,2652253522.0,72.57311248779297
2019-09-16,76.63707733154297,72.41905212402344,72.59107208251953,74.22122955322266,3104946341.0,74.22122955322266
2019-09-17,79.65522003173828,74.14994049072266,74.22852325439453,77.96913146972656,3665577129.0,77.96913146972656
2019-09-18,78.0499267578125,73.38317108154297,77.91927337646484,77.05962371826172,3778427056.0,77.05962371826172
2019-09-19,77.04866790771484,73.8720932006836,76.95783996582031,75.14909362792969,3148504140.0,75.14909362792969
2019-09-20,75.5663070678711,72.90705871582031,75.18181610107422,73.51652526855469,2572614027.0,73.51652526855469
2019-09-21,73.55011749267578,71.80260467529297,73.5092544555664,72.61611938476562,2494428147.0,72.61611938476562
2019-09-22,74.0531005859375,64.3250503540039,72.61321258544922,66.85189056396484,3215899051.0,66.85189056396484
2019-09-23,67.60664367675781,55.823638916015625,66.8441162109375,55.823638916015625,3919809840.0,55.823638916015625
2019-09-24,58.35749435424805,54.254356384277344,55.834205627441406,57.65800857543945,3360298410.0,57.65800857543945
2019-09-25,57.833927154541016,51.844608306884766,57.65776062011719,55.540618896484375,2663433163.0,55.540618896484375
2019-09-26,56.69869613647461,53.77085876464844,55.56645202636719,56.36084747314453,2324084589.0,56.36084747314453
2019-09-27,56.574928283691406,54.637699127197266,56.41657638549805,55.682247161865234,1975938676.0,55.682247161865234
2019-09-28,55.88847732543945,52.9976692199707,55.70661544799805,54.31954574584961,1825233237.0,54.31954574584961
2019-09-29,56.159523010253906,53.319053649902344,54.31433868408203,56.056907653808594,2241248501.0,56.056907653808594
2019-09-30,57.56550598144531,55.50624084472656,56.0892333984375,56.058074951171875,2325767310.0,56.058074951171875
2019-10-01,56.886688232421875,55.598915100097656,56.01337814331055,56.50892639160156,2113331224.0,56.50892639160156
2019-10-02,56.9116096496582,54.8372917175293,56.5347900390625,56.54681396484375,2221643896.0,56.54681396484375
2019-10-03,57.523277282714844,56.044254302978516,56.523712158203125,56.85321044921875,2292624175.0,56.85321044921875
2019-10-04,57.42682647705078,55.88550567626953,56.80954360961914,56.8438720703125,2063875681.0,56.8438720703125
2019-10-05,56.94423294067383,54.59280776977539,56.835426330566406,55.41156768798828,2381501439.0,55.41156768798828
2019-10-06,58.65361022949219,54.44594955444336,55.34202575683594,57.788299560546875,2891486029.0,57.788299560546875
2019-10-07,58.3152961730957,57.0092887878418,57.79338455200195,57.39858627319336,2417116506.0,57.39858627319336
2019-10-08,59.932804107666016,56.97870635986328,57.42048263549805,59.43086624145508,2790624239.0,59.43086624145508
2019-10-09,59.408851623535156,57.430686950683594,59.401573181152344,57.776084899902344,2440262585.0,57.776084899902344
2019-10-10,58.242374420166016,55.99586868286133,57.76942443847656,56.29697036743164,2441054545.0,56.29697036743164
2019-10-11,56.93097686767578,55.74159622192383,56.404388427734375,55.98286819458008,2098404880.0,55.98286819458008
2019-10-12,57.726322174072266,55.87654113769531,55.94187545776367,56.71399688720703,2235957909.0,56.71399688720703
2019-10-13,57.32960891723633,56.4776496887207,56.71815872192383,56.97540283203125,2243495397.0,56.97540283203125
2019-10-14,57.37456512451172,54.711639404296875,57.007320404052734,54.94420623779297,2602960066.0,54.94420623779297
2019-10-15,55.55139923095703,52.16562271118164,54.986629486083984,52.9231071472168,2978803244.0,52.9231071472168
2019-10-16,55.126426696777344,52.35133361816406,52.89723205566406,54.88447570800781,2925315824.0,54.88447570800781
2019-10-17,55.03578186035156,52.79499816894531,54.934757232666016,53.49169158935547,2683486531.0,53.49169158935547
2019-10-18,54.464229583740234,53.074405670166016,53.46513366699219,54.03457260131836,2453091268.0,54.03457260131836
2019-10-19,55.44245910644531,53.21806335449219,54.0631217956543,54.93437957763672,2612273453.0,54.93437957763672
2019-10-20,55.55565643310547,54.02457046508789,54.91608810424805,54.938297271728516,2727253951.0,54.938297271728516
2019-10-21,55.288387298583984,53.643375396728516,54.928260803222656,53.744361877441406,2490194232.0,53.744361877441406
2019-10-22,53.81858825683594,48.49518966674805,53.75372314453125,49.62795639038086,3077488277.0,49.62795639038086
2019-10-23,50.469451904296875,49.01729202270508,49.683433532714844,50.067665100097656,2650862714.0,50.067665100097656
2019-10-24,57.32029342651367,49.609222412109375,50.114280700683594,56.93901062011719,3770902916.0,56.93901062011719
2019-10-25,61.7293586730957,54.728668212890625,56.94597625732422,56.77525329589844,5234627157.0,56.77525329589844
2019-10-26,61.87487030029297,55.91541290283203,56.8026237487793,59.91399002075195,4218140032.0,59.91399002075195
2019-10-28,61.91228485107422,57.669795989990234,59.9197998046875,58.12683868408203,3793848576.0,58.12683868408203
2019-10-29,60.655860900878906,58.051361083984375,58.051361083984375,59.869625091552734,3582210705.0,59.869625091552734
2019-10-30,60.89046096801758,57.603004455566406,59.865325927734375,58.42097091674805,3387114095.0,58.42097091674805
2019-10-31,60.081844329833984,57.6921272277832,58.36344528198242,58.78068542480469,3165801278.0,58.78068542480469
2019-11-01,58.75156021118164,57.71910858154297,58.746315002441406,58.58364486694336,3425154368.0,58.58364486694336
2019-11-02,59.33478546142578,58.219505310058594,58.57908630371094,58.59702682495117,3353942166.0,58.59702682495117
2019-11-03,58.96686553955078,57.6411247253418,58.59210205078125,58.62519073486328,3259935586.0,58.62519073486328
2019-11-04,62.17682647705078,58.383060455322266,58.59573745727539,61.573055267333984,4164854559.0,61.573055267333984
2019-11-05,63.9970588684082,61.31672668457031,61.57742691040039,63.302764892578125,4725921529.0,63.302764892578125
2019-11-06,64.26874542236328,62.95673751831055,63.34542465209961,64.26874542236328,3755244863.0,64.26874542236328
2019-11-07,64.41033935546875,61.0816535949707,64.23900604248047,61.843223571777344,3557191963.0,61.843223571777344
2019-11-08,62.44664764404297,59.50968933105469,61.87755584716797,60.5299186706543,3414910991.0,60.5299186706543
2019-11-09,62.15303421020508,60.37997055053711,60.48675537109375,61.9547119140625,2849228741.0,61.9547119140625
2019-11-10,64.59861755371094,61.80536651611328,61.89714431762695,63.84146499633789,3611586094.0,63.84146499633789
2019-11-11,64.33972930908203,61.3675422668457,63.77915573120117,61.89910888671875,3033016472.0,61.89910888671875
2019-11-12,62.47447204589844,60.68977737426758,61.93345260620117,61.34029769897461,3333604208.0,61.34029769897461
2019-11-13,62.057071685791016,60.87253189086914,61.37042236328125,61.11134719848633,3094050321.0,61.11134719848633
2019-11-14,61.21624755859375,59.416015625,61.077152252197266,59.429893493652344,3040274519.0,59.429893493652344
2019-11-15,60.47163009643555,57.536869049072266,59.480594635009766,57.811710357666016,3195878562.0,57.811710357666016
2019-11-16,59.1802978515625,57.471153259277344,57.788299560546875,58.56543731689453,2841793395.0,58.56543731689453
2019-11-17,60.66939163208008,58.34485626220703,58.6047477722168,59.57322692871094,3215100478.0,59.57322692871094
2019-11-18,60.077110290527344,55.85797119140625,59.570045471191406,56.80094909667969,3131873188.0,56.80094909667969
2019-11-19,57.59451675415039,54.94187545776367,56.80416488647461,55.623985290527344,3030389859.0,55.623985290527344
2019-11-20,56.65969467163086,55.092674255371094,55.63376998901367,55.290924072265625,2858714058.0,55.290924072265625
2019-11-21,55.43587875366211,50.154815673828125,55.2841911315918,50.883052825927734,3158748317.0,50.883052825927734
2019-11-22,51.38973617553711,44.89057540893555,50.87967300415039,47.615535736083984,3734545939.0,47.615535736083984
2019-11-23,48.70744323730469,46.77606201171875,47.62232971191406,48.70648956298828,2746902870.0,48.70648956298828
2019-11-24,48.7819938659668,44.73422622680664,48.71485900878906,44.73422622680664,2709705879.0,44.73422622680664
2019-11-25,47.26742172241211,42.96390914916992,44.76981735229492,45.83033752441406,3408224795.0,45.83033752441406
2019-11-26,47.5400390625,45.66331481933594,45.81410598754883,47.27334213256836,2659405400.0,47.27334213256836
2019-11-27,48.517147064208984,45.441307067871094,47.1645622253418,48.00880432128906,2979663352.0,48.00880432128906
2019-11-28,48.55413055419922,47.0204963684082,48.00212478637695,47.056949615478516,2662459127.0,47.056949615478516
2019-11-29,49.32228088378906,47.091339111328125,47.091339111328125,48.87915802001953,2944492393.0,48.87915802001953
2019-11-30,49.28376388549805,47.089988708496094,48.912784576416016,47.47542953491211,2678481167.0,47.47542953491211
2019-12-01,48.301143646240234,46.24003601074219,47.463897705078125,47.7111701965332,2781413686.0,47.7111701965332
2019-12-02,47.81046676635742,45.323387145996094,47.65147018432617,45.8170166015625,2680452035.0,45.8170166015625
2019-12-03,46.622554779052734,44.76341247558594,45.77547073364258,45.3816032409668,2557212174.0,45.3816032409668
2019-12-04,46.5357666015625,44.58303451538086,45.39994812011719,45.19295120239258,2951880019.0,45.19295120239258
2019-12-05,46.74615478515625,44.362117767333984,45.142642974853516,45.301639556884766,2818768679.0,45.301639556884766
2019-12-06,45.70335006713867,44.75363540649414,45.28791046142578,45.67012023925781,2585078804.0,45.67012023925781
2019-12-07,46.20798873901367,45.39917755126953,45.67373275756836,45.6404914855957,2380335463.0,45.6404914855957
2019-12-08,46.5076789855957,45.44730758666992,45.68227005004883,45.952945709228516,2266427857.0,45.952945709228516
2019-12-09,46.065433502197266,44.714351654052734,45.8999137878418,44.93924331665039,2473452708.0,44.93924331665039
2019-12-10,45.103614807128906,44.1103630065918,45.012054443359375,44.64424133300781,2349745528.0,44.64424133300781
2019-12-11,44.931793212890625,43.720062255859375,44.610557556152344,43.94569778442383,2507211954.0,43.94569778442383
2019-12-12,44.283878326416016,43.50248336791992,43.92269515991211,44.08216857910156,2740797932.0,44.08216857910156
2019-12-13,44.50291061401367,43.710060119628906,44.01126480102539,44.45058059692383,2766557274.0,44.45058059692383
2019-12-14,44.65840530395508,43.51634979248047,44.44956970214844,43.72218704223633,2721787991.0,43.72218704223633
2019-12-15,44.314151763916016,42.76106643676758,43.84593963623047,43.75682830810547,2668105124.0,43.75682830810547
2019-12-16,43.866947174072266,40.048370361328125,43.78416061401367,40.37425994873047,3046141449.0,40.37425994873047
2019-12-17,40.4158821105957,36.925113677978516,40.35862350463867,37.08342742919922,3283924746.0,37.08342742919922
2019-12-18,41.0999870300293,36.672943115234375,37.116275787353516,40.77854537963867,3845534650.0,40.77854537963867
2019-12-19,41.12337112426758,39.066871643066406,40.793453216552734,39.92029571533203,3173676635.0,39.92029571533203
2019-12-20,40.5880012512207,39.674110412597656,39.93990707397461,40.290157318115234,2778859161.0,40.290157318115234
2019-12-21,40.33557891845703,39.7354621887207,40.30481719970703,39.996829986572266,2655178488.0,39.996829986572266
2019-12-22,42.25456237792969,39.953338623046875,40.01009750366211,41.96519088745117,3141032976.0,41.96519088745117
2019-12-23,42.54795837402344,40.72304153442383,41.95431137084961,40.84747314453125,3163414128.0,40.84747314453125
2019-12-24,41.68458557128906,40.22449493408203,40.862876892089844,40.678016662597656,2860933776.0,40.678016662597656
2019-12-25,40.757301330566406,39.883541107177734,40.73456954956055,40.62956237792969,2773383486.0,40.62956237792969
2019-12-26,41.368019104003906,39.81157302856445,40.60842514038086,40.26603698730469,2848923906.0,40.26603698730469
2019-12-27,41.65152359008789,39.96437072753906,40.26174545288086,41.17817306518555,2949759036.0,41.17817306518555
2019-12-28,43.81186294555664,41.129058837890625,41.165157318115234,42.84252166748047,3260638656.0,42.84252166748047
2019-12-29,44.449588775634766,42.43943786621094,42.7977409362793,43.670658111572266,3573796558.0,43.670658111572266
2019-12-30,44.60399627685547,42.43143844604492,43.75393295288086,42.747337341308594,3330795171.0,42.747337341308594
2019-12-31,43.06095504760742,41.17047119140625,42.76611328125,41.34007263183594,3015923778.0,41.34007263183594
2020-01-01,42.28501892089844,41.28803253173828,41.326534271240234,42.01771926879883,2782992323.0,42.01771926879883
2020-01-02,42.13474655151367,39.68356704711914,42.01808547973633,39.82301330566406,2759827139.0,39.82301330566406
2020-01-03,42.447174072265625,39.450843811035156,39.863128662109375,42.41557312011719,3260961326.0,42.41557312011719
2020-01-04,43.34270477294922,41.933074951171875,42.38352584838867,43.32660675048828,2843192897.0,43.32660675048828
2020-01-05,44.73361587524414,42.99853515625,43.2913818359375,43.55320739746094,3017148033.0,43.55320739746094
2020-01-06,45.95787811279297,43.4943733215332,43.6038932800293,45.81635284423828,3349237768.0,45.81635284423828
2020-01-07,46.8583869934082,44.723018646240234,45.838680267333984,46.424583435058594,3611521907.0,46.424583435058594
2020-01-08,48.20276641845703,44.62704849243164,46.4483528137207,45.65376663208008,3633957130.0,45.65376663208008
2020-01-09,45.777835845947266,44.31050491333008,45.62226867675781,45.2159309387207,2986327757.0,45.2159309387207
2020-01-10,49.16672134399414,44.03310775756836,45.21154022216797,48.72732925415039,3808140302.0,48.72732925415039
2020-01-11,51.334716796875,48.08839416503906,48.63385772705078,49.26376724243164,3915781115.0,49.26376724243164
2020-01-12,51.298828125,49.012786865234375,49.319156646728516,51.08073806762695,3858852964.0,51.08073806762695
2020-01-13,51.39035415649414,48.93413162231445,51.122310638427734,49.733768463134766,3336204744.0,49.733768463134766
2020-01-14,59.88150405883789,49.690269470214844,49.69736099243164,58.478233337402344,5729547956.0,58.478233337402344
2020-01-15,59.92303466796875,56.166744232177734,58.39026641845703,58.05284881591797,5070738793.0,58.05284881591797
2020-01-16,58.302066802978516,55.148738861083984,58.0479621887207,57.618255615234375,4347723835.0,57.618255615234375
2020-01-17,62.88954544067383,56.8988151550293,57.642967224121094,61.487125396728516,5067456613.0,61.487125396728516
2020-01-18,62.165672302246094,58.52505874633789,61.302833557128906,59.40864562988281,4426051530.0,59.40864562988281
2020-01-19,61.78595733642578,56.18039321899414,59.445709228515625,57.80069351196289,4197776579.0,57.80069351196289
2020-01-20,58.08806610107422,56.22681427001953,57.78152847290039,57.20326232910156,3306438947.0,57.20326232910156
2020-01-21,57.96322250366211,56.27197265625,57.2335205078125,57.64788055419922,3130143642.0,57.64788055419922
2020-01-22,58.99089431762695,57.316280364990234,57.639591217041016,58.3547248840332,3076205980.0,58.3547248840332
2020-01-23,58.47669982910156,53.385658264160156,58.35038757324219,54.6302604675293,3348002983.0,54.6302604675293
2020-01-24,55.424434661865234,51.36441421508789,54.64381408691406,54.53178787231445,3532776556.0,54.53178787231445
2020-01-25,54.564056396484375,52.76921463012695,54.564056396484375,53.69778823852539,2938756558.0,53.69778823852539
2020-01-26,56.47526550292969,53.29893493652344,53.68706512451172,56.21271514892578,3283750798.0,56.21271514892578
2020-01-27,59.57749938964844,56.078887939453125,56.27534103393555,58.763267517089844,3832184228.0,58.763267517089844
2020-01-28,61.15335464477539,57.76319885253906,58.76856231689453,60.671817779541016,4220742210.0,60.671817779541016
2020-01-29,62.24987030029297,59.78307342529297,60.66376876831055,60.07793426513672,3894445882.0,60.07793426513672
2020-01-30,69.73802947998047,58.77690887451172,60.013916015625,68.15906524658203,6042169957.0,68.15906524658203
2020-01-31,69.37981414794922,65.78914642333984,68.17903900146484,67.8794937133789,5718104791.0,67.8794937133789
2020-02-01,72.2823257446289,67.65506744384766,67.90851593017578,70.82001495361328,6009767449.0,70.82001495361328
2020-02-02,73.25373077392578,68.12895202636719,70.8023452758789,70.2315444946289,5482993030.0,70.2315444946289
2020-02-03,72.38532257080078,68.96752166748047,69.99258422851562,69.78022003173828,4965069690.0,69.78022003173828
2020-02-04,70.33206939697266,66.90425872802734,69.76948547363281,68.1957778930664,4449652117.0,68.1957778930664
2020-02-05,73.18159484863281,67.87781524658203,68.11460876464844,72.49310302734375,5169585841.0,72.49310302734375
2020-02-06,74.65676879882812,71.10643768310547,72.53237915039062,73.38868713378906,5463272394.0,73.38868713378906
2020-02-07,74.95879364013672,73.2222671508789,73.4679183959961,74.35611724853516,5051951258.0,74.35611724853516
2020-02-08,77.4217300415039,72.1395034790039,74.39537811279297,76.46756744384766,5496860399.0,76.46756744384766
2020-02-09,78.20138549804688,75.69126892089844,76.4490966796875,77.09258270263672,5145711108.0,77.09258270263672
2020-02-10,77.56034088134766,73.12471008300781,77.14305114746094,74.33509826660156,5373709984.0,74.33509826660156
2020-02-11,76.63123321533203,72.84619903564453,74.34607696533203,76.59739685058594,4742120918.0,76.59739685058594
2020-02-12,82.27188873291016,76.45463562011719,76.49352264404297,81.29744720458984,5701884854.0,81.29744720458984
2020-02-13,83.68916320800781,78.58231353759766,81.22972106933594,80.40342712402344,6579062946.0,80.40342712402344
2020-02-14,83.46430969238281,79.42839050292969,80.3755111694336,82.99034881591797,5382846670.0,82.99034881591797
2020-02-15,83.38416290283203,76.1030044555664,83.02545166015625,76.51324462890625,5612667760.0,76.51324462890625
2020-02-16,80.41192626953125,69.57598876953125,76.72930908203125,75.152587890625,6186098306.0,75.152587890625
2020-02-17,75.38346862792969,69.44019317626953,74.96808624267578,73.25130462646484,5593944695.0,73.25130462646484
2020-02-18,78.01386260986328,70.89256286621094,73.18562316894531,77.0351791381836,5600214717.0,77.0351791381836
2020-02-19,78.19882202148438,70.54457092285156,77.07551574707031,71.13594055175781,5298677185.0,71.13594055175781
2020-02-20,72.16673278808594,67.45927429199219,70.98194885253906,69.62484741210938,5500324693.0,69.62484741210938
2020-02-21,74.93936157226562,68.91468811035156,69.57044219970703,73.45092010498047,5579449656.0,73.45092010498047
2020-02-22,76.48518371582031,72.57438659667969,73.4858627319336,75.1330795288086,5547090434.0,75.1330795288086
2020-02-23,79.80030822753906,74.97501373291016,75.07401275634766,79.53665161132812,5702486428.0,79.53665161132812
2020-02-24,79.55951690673828,72.37696838378906,79.55951690673828,75.5356216430664,6355612214.0,75.5356216430664
2020-02-25,75.80707550048828,70.06889343261719,75.49539947509766,71.18024444580078,5755711246.0,71.18024444580078
2020-02-26,71.86497497558594,58.579490661621094,71.18038177490234,61.01430892944336,6518313483.0,61.01430892944336
2020-02-27,64.6236572265625,57.80403137207031,61.02792739868164,61.50788497924805,5649302854.0,61.50788497924805
2020-02-28,63.17148971557617,57.84066390991211,61.43793487548828,59.76395797729492,5266399749.0,59.76395797729492
2020-02-29,61.37752914428711,58.38515853881836,59.74873733520508,58.54326248168945,4168117352.0,58.54326248168945
2020-03-01,60.11835479736328,56.64622497558594,58.53054428100586,57.956687927246094,4317287191.0,57.956687927246094
2020-03-02,61.94123840332031,57.554786682128906,57.9840087890625,60.995548248291016,5309970238.0,60.995548248291016
2020-03-03,62.35498046875,60.006019592285156,61.020572662353516,61.14447784423828,5412760345.0,61.14447784423828
2020-03-04,61.565731048583984,59.36227798461914,61.14349365234375,60.38241958618164,4429853608.0,60.38241958618164
2020-03-05,63.1437873840332,60.40277862548828,60.40277862548828,62.04545974731445,4712202709.0,62.04545974731445
2020-03-06,63.77326583862305,61.45963668823242,62.049888610839844,63.02560043334961,4766934524.0,63.02560043334961
2020-03-07,63.75777053833008,60.49959945678711,63.02201461791992,60.54631042480469,4258036532.0,60.54631042480469
2020-03-08,60.60502243041992,51.728599548339844,60.57911682128906,51.728599548339844,4523736331.0,51.728599548339844
2020-03-09,52.30763626098633,47.284202575683594,51.638126373291016,50.168148040771484,5097423294.0,50.168148040771484
2020-03-10,51.2523193359375,49.39545440673828,50.479827880859375,50.25638961791992,3945792927.0,50.25638961791992
2020-03-11,50.61192321777344,46.238441467285156,50.26376724243164,48.463783264160156,3807551814.0,48.463783264160156
2020-03-12,48.558250427246094,30.627010345458984,48.4492301940918,30.930883407592773,5417383296.0,30.930883407592773
2020-03-13,39.24781799316406,25.573104858398438,31.004512786865234,37.43795394897461,7552238198.0,37.43795394897461
2020-03-14,37.59846496582031,34.044044494628906,37.536197662353516,34.39658737182617,3270465986.0,34.39658737182617
2020-03-15,38.2310676574707,34.204185485839844,34.40990447998047,36.43709182739258,3434485463.0,36.43709182739258
2020-03-16,36.4459114074707,30.60800552368164,36.4459114074707,32.876216888427734,4079630236.0,32.876216888427734
2020-03-17,35.42147445678711,32.78666687011719,32.9030876159668,33.56386947631836,3289527849.0,33.56386947631836
2020-03-18,34.1390495300293,32.78159713745117,33.5556640625,33.68417739868164,3170415992.0,33.68417739868164
2020-03-19,40.22984313964844,33.71287536621094,33.721717834472656,39.07376480102539,4157185543.0,39.07376480102539
2020-03-20,43.326026916503906,35.58586883544922,39.10809326171875,38.131954193115234,4537692970.0,38.131954193115234
2020-03-21,39.336177825927734,36.94729232788086,38.07786560058594,38.34232711791992,3438721430.0,38.34232711791992
2020-03-22,39.477176666259766,35.49897384643555,38.37173843383789,35.628055572509766,3148219029.0,35.628055572509766
2020-03-23,38.845855712890625,35.416385650634766,35.577430725097656,38.76576614379883,3598154774.0,38.76576614379883
2020-03-24,40.75464630126953,38.268035888671875,38.74799346923828,40.49064636230469,3331925793.0,40.49064636230469
2020-03-25,40.696136474609375,38.545745849609375,40.47945785522461,39.151222229003906,3133347522.0,39.151222229003906
2020-03-26,40.17046356201172,38.78725814819336,39.17296600341797,40.16059875488281,2827963692.0,40.16059875488281
2020-03-27,40.595191955566406,38.88597106933594,40.18333435058594,38.91847610473633,2962853270.0,38.91847610473633
2020-03-28,39.32988739013672,37.10237503051758,38.862178802490234,38.873756408691406,3119837445.0,38.873756408691406
2020-03-29,38.934749603271484,37.21059799194336,38.86528015136719,37.332542419433594,2683734233.0,37.332542419433594
2020-03-29,39.324710845947266,37.26072692871094,37.264854431152344,39.13829040527344,3318334905.0,39.13829040527344
2020-03-30,39.37229919433594,38.681514739990234,39.119136810302734,39.299102783203125,3359087002.0,39.299102783203125
2020-03-31,39.38081359863281,37.4459342956543,39.28468704223633,39.38081359863281,3303999600.0,39.38081359863281
2020-04-01,41.6456413269043,39.2540283203125,39.36347961425781,39.874168395996094,3985953572.0,39.874168395996094
2020-04-02,41.08440017700195,39.684814453125,39.887630462646484,40.359134674072266,3482692346.0,40.359134674072266
2020-04-03,40.83372497558594,39.96440887451172,40.34457778930664,40.67555618286133,3229457622.0,40.67555618286133
2020-04-04,40.99985122680664,39.92832565307617,40.69003677368164,40.67013931274414,3084146015.0,40.67013931274414
2020-04-05,44.494197845458984,40.54490280151367,40.65878677368164,44.39112091064453,4287968687.0,44.39112091064453
2020-04-06,47.20174026489258,44.11486053466797,44.402137756347656,44.667930603027344,4391267713.0,44.667930603027344
2020-04-07,46.75380325317383,44.350833892822266,44.67862319946289,46.31985855102539,3831132142.0,46.31985855102539
2020-04-08,46.58343505859375,45.174339294433594,46.3480339050293,46.384979248046875,3628019378.0,46.384979248046875
2020-04-09,46.468353271484375,41.33182144165039,46.40034103393555,42.269813537597656,4008964133.0,42.269813537597656
2020-04-10,42.96684265136719,41.68824768066406,42.25674057006836,42.31909942626953,3374908252.0,42.31909942626953
2020-04-11,43.28693389892578,42.007198333740234,42.32083511352539,42.450286865234375,3639638078.0,42.450286865234375
2020-04-12,42.49925231933594,39.95906066894531,42.49925231933594,41.204341888427734,3998289644.0,41.204341888427734
2020-04-13,41.82363510131836,40.67782211303711,41.22285842895508,41.05384063720703,3713345006.0,41.05384063720703
2020-04-14,41.708030700683594,39.449886322021484,41.08009338378906,39.58906936645508,3696959521.0,39.58906936645508
2020-04-15,43.014286041259766,38.601558685302734,39.643714904785156,42.68901824951172,4985504369.0,42.68901824951172
2020-04-17,44.38176727294922,42.53352355957031,42.7515983581543,44.36289596557617,4508378329.0,44.36289596557617
2020-04-18,44.5068473815918,42.596107482910156,44.34800338745117,42.63475036621094,4563334114.0,42.63475036621094
2020-04-19,43.37587356567383,40.462974548339844,42.674625396728516,40.82838439941406,4293209435.0,40.82838439941406
2020-04-20,41.26190948486328,40.416969299316406,40.80962371826172,41.04014205932617,3954491838.0,41.04014205932617
2020-04-21,42.32014465332031,40.68876647949219,40.99327087402344,41.887413024902344,4029531589.0,41.887413024902344
2020-04-22,43.367366790771484,41.433204650878906,41.87773513793945,42.93721389770508,4757478698.0,42.93721389770508
2020-04-23,45.17228698730469,42.94403839111328,42.99470901489258,44.81045150756836,4786600723.0,44.81045150756836
2020-04-24,45.64776611328125,44.37021255493164,44.81520462036133,44.714908599853516,4769855704.0,44.714908599853516
2020-04-25,45.33999252319336,44.31262969970703,44.71991729736328,44.6890869140625,4687873111.0,44.6890869140625
2020-04-26,45.41984176635742,43.885459899902344,44.677433013916016,44.71006393432617,4473729902.0,44.71006393432617
2020-04-27,46.30730056762695,44.0748176574707,44.7381706237793,46.02870178222656,4413476561.0,46.02870178222656
2020-04-28,49.622127532958984,46.00732421875,46.091522216796875,49.18130111694336,5673988960.0,49.18130111694336
2020-04-29,50.92155838012695,46.58384323120117,49.14785385131836,46.714019775390625,5724477325.0,46.714019775390625
2020-04-30,48.596473693847656,46.714263916015625,46.714263916015625,47.79170227050781,4581731065.0,47.79170227050781
2020-05-01,49.567081451416016,47.44866180419922,47.77035903930664,49.458045959472656,4453777871.0,49.458045959472656
2020-05-02,50.044677734375,47.550113677978516,49.46495819091797,48.26715850830078,4667453994.0,48.26715850830078
2020-05-03,48.34629821777344,46.03729248046875,48.24302673339844,47.47349166870117,4488284400.0,47.47349166870117
2020-05-04,47.9050407409668,46.370967864990234,47.45029067993164,46.78725814819336,4187625277.0,46.78725814819336
2020-05-05,47.77801513671875,45.942867279052734,46.768917083740234,45.942867279052734,4575858023.0,45.942867279052734
2020-05-06,48.06696319580078,45.03156661987305,46.01960372924805,47.330116271972656,5080727910.0,47.330116271972656
2020-05-07,48.54597473144531,46.62904357910156,47.30772399902344,47.88221740722656,4780707207.0,47.88221740722656
2020-05-08,48.93983459472656,47.133079528808594,47.83945846557617,47.27418518066406,4740601428.0,47.27418518066406
2020-05-09,47.26059341430664,40.57422637939453,47.26059341430664,42.36762619018555,5783062532.0,42.36762619018555
2020-05-10,42.86333084106445,40.13576126098633,42.35826873779297,41.6999626159668,5121746343.0,41.6999626159668
2020-05-11,42.6843147277832,41.41278076171875,41.73921585083008,42.111881256103516,4734936547.0,42.111881256103516
2020-05-12,43.54827880859375,41.95380783081055,42.07453536987305,43.134559631347656,4565388581.0,43.134559631347656
2020-05-13,44.2290153503418,42.479400634765625,43.09492111206055,43.945335388183594,5023559798.0,43.945335388183594
2020-05-14,44.06401443481445,42.467708587646484,43.945838928222656,42.833980560302734,4340414828.0,42.833980560302734
2020-05-15,43.74107360839844,42.578529357910156,42.85136032104492,43.21289825439453,3879155974.0,43.21289825439453
2020-05-16,44.356815338134766,43.09638214111328,43.180320739746094,43.64083480834961,3901110454.0,43.64083480834961
2020-05-17,46.24467849731445,43.58699417114258,43.64307403564453,45.201072692871094,4473025831.0,45.201072692871094
2020-05-18,45.38361358642578,44.3441047668457,45.21331024169922,45.38361358642578,3612370257.0,45.38361358642578
2020-05-19,45.963008880615234,43.71659469604492,45.38744354248047,44.17212677001953,3448255432.0,44.17212677001953
2020-05-20,44.44780731201172,41.88386154174805,44.15623474121094,42.74270248413086,3143718509.0,42.74270248413086
2020-05-21,44.5757942199707,42.5117301940918,42.730369567871094,44.20758056640625,2908274408.0,44.20758056640625
2020-05-22,44.53317642211914,43.70608139038086,44.208248138427734,44.033119201660156,2576920703.0,44.033119201660156
2020-05-23,44.37795639038086,42.44266891479492,44.018592834472656,42.44889450073242,2656112321.0,42.44889450073242
2020-05-24,43.438758850097656,42.09907531738281,42.40567398071289,42.946128845214844,2701310002.0,42.946128845214844
2020-05-25,43.007381439208984,42.120792388916016,42.92720031738281,42.43205642700195,2475471673.0,42.43205642700195
2020-05-26,44.06675338745117,42.36875915527344,42.409095764160156,43.86143112182617,2757608482.0,43.86143112182617
2020-05-27,44.86268997192383,43.50492858886719,43.87184524536133,44.758697509765625,2743046058.0,44.758697509765625
2020-05-28,45.37718963623047,44.324527740478516,44.77653503417969,44.6524658203125,2632197768.0,44.6524658203125
2020-05-29,47.54093933105469,44.22645950317383,44.63286590576172,47.538631439208984,2852777896.0,47.538631439208984
2020-05-30,47.56504821777344,45.32406997680664,47.53927993774414,45.59188461303711,2637761668.0,45.59188461303711
2020-05-31,48.39543914794922,45.425323486328125,45.5742301940918,48.1252326965332,3035652544.0,48.1252326965332
2020-06-01,49.76125717163086,45.261966705322266,48.094390869140625,45.92351531982422,3060955005.0,45.92351531982422
2020-06-02,47.63124084472656,45.66325378417969,45.92983627319336,47.17289352416992,2691495449.0,47.17289352416992
2020-06-03,47.99448013305664,46.57504653930664,47.20063018798828,47.637596130371094,2697436350.0,47.637596130371094
2020-06-04,47.9185676574707,46.870819091796875,47.674434661865234,47.05314636230469,2551367878.0,47.05314636230469
2020-06-05,47.324432373046875,46.42837142944336,47.06672668457031,46.731956481933594,2160092222.0,46.731956481933594
2020-06-06,46.93865203857422,45.38723373413086,46.7440185546875,46.66800308227539,2385218875.0,46.66800308227539
2020-06-07,46.87998580932617,46.058006286621094,46.6591682434082,46.47397232055664,2357747091.0,46.47397232055664
2020-06-08,46.7379264831543,45.665775299072266,46.47144317626953,46.06941223144531,2141209283.0,46.06941223144531
2020-06-09,46.89228439331055,45.894508361816406,46.06926727294922,46.67997741699219,2146762421.0,46.67997741699219
2020-06-10,46.90381622314453,42.96903991699219,46.6835823059082,43.51470947265625,2554226325.0,43.51470947265625
2020-06-11,45.2738151550293,43.11791229248047,43.50072479248047,44.82805252075195,2260548556.0,44.82805252075195
2020-06-12,45.18855667114258,44.45869827270508,44.79370880126953,45.09455871582031,1739835590.0,45.09455871582031
2020-06-13,45.10382843017578,43.89103698730469,45.10382843017578,44.08452606201172,1782403292.0,44.08452606201172
2020-06-14,44.2029914855957,42.09373092651367,44.08452606201172,43.9142951965332,2090717318.0,43.9142951965332
2020-06-15,44.28072738647461,43.485137939453125,43.908958435058594,43.87725830078125,1841455099.0,43.87725830078125
2020-06-16,44.81455993652344,43.3642692565918,43.882442474365234,44.03235626220703,1996899442.0,44.03235626220703
2020-06-17,44.12405014038086,43.14131164550781,44.03235626220703,43.56013107299805,1576467272.0,43.56013107299805
2020-06-18,43.68408966064453,42.6036376953125,43.556365966796875,42.679832458496094,1712639222.0,42.679832458496094
2020-06-19,43.78364181518555,42.631229400634766,42.64627456665039,43.3468132019043,1500492583.0,43.3468132019043
2020-06-20,43.75585174560547,43.02702713012695,43.337345123291016,43.08744430541992,1362753187.0,43.08744430541992
2020-06-21,44.33644104003906,43.07240295410156,43.1092529296875,44.18800354003906,1659721584.0,44.18800354003906
2020-06-22,44.31815719604492,43.6243782043457,44.19498825073242,44.17927932739258,1365925951.0,44.17927932739258
2020-06-23,44.52910614013672,42.7093505859375,44.188140869140625,42.84382629394531,1493695398.0,42.84382629394531
2020-06-24,43.02610778808594,42.211456298828125,42.86283493041992,42.56352996826172,1311840193.0,42.56352996826172
2020-06-25,43.5618782043457,41.75668716430664,42.56430435180664,43.32078552246094,1714646169.0,43.32078552246094
2020-06-26,43.45170974731445,40.75464630126953,43.280906677246094,41.55556106567383,1453347400.0,41.55556106567383
2020-06-27,42.018310546875,40.778221130371094,41.55556106567383,41.408267974853516,1337385786.0,41.408267974853516
2020-06-28,41.998565673828125,41.01976013183594,41.42753219604492,41.85103225708008,1668680719.0,41.85103225708008
2020-06-29,41.97266387939453,41.02524185180664,41.74396514892578,41.46779251098633,1390313389.0,41.46779251098633
2020-06-30,42.19013595581055,41.286537170410156,41.43354034423828,41.69924545288086,1220528740.0,41.69924545288086
2020-07-01,41.93464279174805,40.65645980834961,41.736717224121094,41.48573303222656,1339074369.0,41.48573303222656
2020-07-02,41.68161392211914,41.04539108276367,41.47185516357422,41.205135345458984,1122905126.0,41.205135345458984
2020-07-03,42.17290496826172,41.134185791015625,41.17314910888672,42.066532135009766,1173145659.0,42.066532135009766
2020-07-04,42.15835952758789,40.98523712158203,42.022159576416016,41.59807586669922,1170070065.0,41.59807586669922
2020-07-05,44.14739227294922,41.495670318603516,41.59807586669922,43.96349334716797,1743603778.0,43.96349334716797
2020-07-06,44.2248649597168,43.10875701904297,43.96349334716797,43.3182487487793,1360983976.0,43.3182487487793
2020-07-07,45.410003662109375,43.172122955322266,43.318397521972656,45.20074462890625,2161892498.0,45.20074462890625
2020-07-08,45.70869064331055,43.83011245727539,45.1884880065918,44.53745651245117,1985305536.0,44.53745651245117
2020-07-09,44.53230667114258,43.54658126831055,44.505367279052734,44.246116638183594,1840301462.0,44.246116638183594
2020-07-10,44.70627975463867,44.00514602661133,44.25065612792969,44.67707824707031,1764984238.0,44.67707824707031
2020-07-11,45.18264389038086,44.06024932861328,44.687767028808594,44.63610076904297,1598865182.0,44.63610076904297
2020-07-12,45.306724548339844,43.236671447753906,44.63610076904297,43.919795989990234,1724704950.0,43.919795989990234
2020-07-13,44.001564025878906,43.14065170288086,43.96921920776367,43.80286407470703,1882872130.0,43.80286407470703
2020-07-14,44.009056091308594,42.99142837524414,43.790374755859375,43.278953552246094,1809900342.0,43.278953552246094
2020-07-15,43.40397262573242,41.47480010986328,43.26382827758789,42.035438537597656,1543731673.0,42.035438537597656
2020-07-16,42.3414306640625,41.77911376953125,42.0412712097168,41.91281509399414,1336746650.0,41.91281509399414
2020-07-17,42.83024978637695,41.78263473510742,41.908267974853516,42.425865173339844,1141296421.0,42.425865173339844
2020-07-18,42.69797897338867,41.883609771728516,42.425865173339844,42.552730560302734,1140767149.0,42.552730560302734
2020-07-19,42.70646286010742,41.642337799072266,42.5511589050293,41.97581100463867,1152077279.0,41.97581100463867
2020-07-20,43.92832946777344,41.88581848144531,41.973995208740234,43.61614990234375,1384220462.0,43.61614990234375
2020-07-21,45.0008430480957,43.31925964355469,43.606788635253906,44.93611526489258,1383704376.0,44.93611526489258
2020-07-22,45.466651916503906,44.577510833740234,44.93959426879883,44.85007858276367,1775727714.0,44.85007858276367
2020-07-23,44.88047790527344,44.058841705322266,44.85010528564453,44.18254089355469,1620747746.0,44.18254089355469
2020-07-24,49.16240310668945,44.067893981933594,44.107261657714844,48.80476760864258,2433671618.0,48.80476760864258
2020-07-25,50.37880325317383,47.71577835083008,48.836585998535156,47.97871780395508,2587129920.0,47.97871780395508
2020-07-26,54.931488037109375,47.52111053466797,47.973758697509766,52.95002746582031,3397559596.0,52.95002746582031
2020-07-27,57.13096618652344,51.90334701538086,53.06098556518555,55.5752067565918,3293197775.0,55.5752067565918
2020-07-28,56.692726135253906,55.03009033203125,55.591705322265625,55.17200469970703,2572759911.0,55.17200469970703
2020-07-29,57.97104263305664,54.07687759399414,55.1008415222168,56.64311218261719,3015740898.0,56.64311218261719
2020-07-30,58.73869323730469,55.82644271850586,56.654850006103516,57.998138427734375,2461431454.0,57.998138427734375
2020-07-31,61.663177490234375,57.50492477416992,57.998138427734375,61.2932243347168,3124975567.0,61.2932243347168
2020-08-01,64.45904541015625,55.802589416503906,61.259525299072266,56.64144515991211,3499183526.0,56.64144515991211
2020-08-02,59.644954681396484,56.13666534423828,56.624900817871094,58.468902587890625,2250487587.0,58.468902587890625
2020-08-03,59.41592025756836,56.80051040649414,58.46235275268555,57.53305435180664,2088598738.0,57.53305435180664
2020-08-04,59.76585388183594,57.11745071411133,57.57620620727539,59.01070785522461,2144590019.0,59.01070785522461
2020-08-05,60.563934326171875,57.97606658935547,58.98693084716797,59.16426467895508,2241049269.0,59.16426467895508
2020-08-06,60.84126281738281,55.871726989746094,59.14830017089844,57.24553298950195,2756992175.0,57.24553298950195
2020-08-07,58.542938232421875,56.65135955810547,57.205867767333984,58.129207611083984,1726820323.0,58.129207611083984
2020-08-08,58.66007995605469,56.4997444152832,58.22804641723633,57.13903045654297,1601010110.0,57.13903045654297
2020-08-09,59.24289321899414,57.116756439208984,57.116756439208984,58.28884506225586,2247183310.0,58.28884506225586
2020-08-10,59.43977737426758,53.23125076293945,58.28884506225586,54.386844635009766,2754950222.0,54.386844635009766
2020-08-11,55.558563232421875,52.32285690307617,54.366390228271484,54.96858596801758,2450391467.0,54.96858596801758
2020-08-12,57.862003326416016,52.348724365234375,54.98871612548828,57.74131774902344,2843622469.0,57.74131774902344
2020-08-13,57.98078918457031,56.35732650756836,57.70130157470703,56.75312423706055,2476128674.0,56.75312423706055
2020-08-14,60.376155853271484,56.72636032104492,56.72636032104492,59.92781066894531,3063536363.0,59.92781066894531
2020-08-15,64.28931427001953,59.330772399902344,59.94212341308594,63.826541900634766,3595771595.0,63.826541900634766
2020-08-16,68.51951599121094,61.88155746459961,63.826541900634766,67.02803802490234,3997651594.0,67.02803802490234
2020-08-17,68.032958984375,64.27819061279297,67.05615997314453,65.52753448486328,3627257060.0,65.52753448486328
2020-08-18,66.9671859741211,59.573177337646484,65.55464935302734,62.0046272277832,3345972244.0,62.0046272277832
2020-08-19,63.5305290222168,61.28464126586914,62.01996612548828,62.96675491333008,2801314591.0,62.96675491333008
2020-08-20,63.649986267089844,59.17335891723633,62.90597152709961,59.37902069091797,2911090515.0,59.37902069091797
2020-08-21,60.46170425415039,58.28854751586914,59.36305618286133,60.3111572265625,2317942996.0,60.3111572265625
2020-08-22,61.48896026611328,58.34038543701172,60.26280212402344,60.623260498046875,2315616100.0,60.623260498046875
2020-08-23,62.820098876953125,60.27156066894531,60.623260498046875,62.199424743652344,2490426542.0,62.199424743652344
2020-08-24,62.34196853637695,57.267555236816406,62.2150993347168,58.580665588378906,2625416624.0,58.580665588378906
2020-08-25,58.99238204956055,57.21358871459961,58.442039489746094,58.35817337036133,2067102732.0,58.35817337036133
2020-08-26,59.15990447998047,54.79509735107422,58.298702239990234,56.041015625,2212235187.0,56.041015625
2020-08-27,58.16758346557617,55.56637191772461,56.10396194458008,57.35440444946289,2206041301.0,57.35440444946289
2020-08-28,58.22694396972656,57.13005065917969,57.438873291015625,57.29173278808594,2006047086.0,57.29173278808594
2020-08-29,62.79817581176758,57.171024322509766,57.20773696899414,62.725341796875,2759602454.0,62.725341796875
2020-08-30,63.49125671386719,60.75156021118164,62.844058990478516,61.11379623413086,2561891272.0,61.11379623413086
2020-08-31,64.1839599609375,60.38698196411133,61.10507583618164,62.882789611816406,2717986649.0,62.882789611816406
2020-09-01,63.07072067260742,57.139808654785156,62.8713264465332,58.099647521972656,2790169260.0,58.099647521972656
2020-09-02,58.530818939208984,47.059383392333984,58.013084411621094,47.774112701416016,2765272845.0,47.774112701416016
2020-09-03,52.33302307128906,47.18532180786133,47.77921676635742,50.611976623535156,2851271830.0,50.611976623535156
2020-09-04,51.31809616088867,46.146461486816406,50.619232177734375,47.58933639526367,2831766570.0,47.58933639526367
2020-09-05,48.89556884765625,46.62266540527344,47.5965576171875,48.05357360839844,2075916067.0,48.05357360839844
2020-09-06,49.07195281982422,45.62166213989258,48.0339241027832,48.77010726928711,2235340013.0,48.77010726928711
2020-09-07,49.30001449584961,46.20237731933594,48.80512619018555,47.3838005065918,2314205963.0,47.3838005065918
2020-09-08,48.8466682434082,46.701377868652344,47.377357482910156,47.89769744873047,1828181736.0,47.89769744873047
2020-09-09,49.38438415527344,47.90349578857422,47.923194885253906,48.716854095458984,2001211524.0,48.716854095458984
2020-09-10,49.40973663330078,47.40207290649414,48.716854095458984,49.089752197265625,1835173089.0,49.089752197265625
2020-09-11,51.22113800048828,48.67241668701172,49.0577278137207,50.81715393066406,1588978329.0,50.81715393066406
2020-09-12,50.931419372558594,47.52531433105469,50.760929107666016,48.066036224365234,1785910878.0,48.066036224365234
2020-09-13,49.94481658935547,47.43855667114258,48.049659729003906,49.09012222290039,1786276098.0,49.09012222290039
2020-09-14,50.14468002319336,48.34780502319336,49.11736297607422,48.390098571777344,1663112038.0,48.390098571777344
2020-09-15,48.792354583740234,47.4674072265625,48.459632873535156,47.933433532714844,1674030602.0,47.933433532714844
2020-09-16,49.47981262207031,47.87519454956055,47.98067092895508,48.87706756591797,1701721113.0,48.87706756591797
2020-09-17,49.07770919799805,47.79171371459961,48.82827377319336,48.46281433105469,1135775840.0,48.46281433105469
2020-09-18,49.03279495239258,48.208038330078125,48.48158645629883,48.67683029174805,961716690.0,48.67683029174805
2020-09-19,48.67055892944336,46.43110275268555,48.667938232421875,47.100528717041016,1033913350.0,47.100528717041016
2020-09-20,47.6491584777832,42.543270111083984,47.1291389465332,43.390220642089844,1923483523.0,43.390220642089844
2020-09-21,44.765403747558594,43.1172981262207,43.35946273803711,44.545047760009766,1078696494.0,44.545047760009766
2020-09-22,45.0074577331543,42.73525619506836,44.56575393676758,43.042057037353516,1330940959.0,43.042057037353516
2020-09-23,45.14833450317383,42.74692153930664,43.042057037353516,44.96100616455078,1129884292.0,44.96100616455078
2020-09-24,46.44486999511719,44.20384216308594,45.04814910888672,46.00873565673828,1159558918.0,46.00873565673828
2020-09-25,46.432857513427734,45.43236541748047,45.9804801940918,46.1312255859375,1001047365.0,46.1312255859375
2020-09-26,46.47642517089844,44.88970947265625,46.049644470214844,46.010440826416016,995464294.0,46.010440826416016
2020-09-27,46.906715393066406,45.21898651123047,46.06364440917969,45.27067184448242,1157658930.0,45.27067184448242
2020-09-28,45.8094367980957,45.104984283447266,45.2511100769043,45.69805908203125,985360576.0,45.69805908203125
2020-09-29,46.61390686035156,45.525665283203125,45.72024154663086,46.28403854370117,1107615079.0,46.28403854370117
2020-09-30,48.41682052612305,45.78066635131836,46.2331657409668,46.283145904541016,1537701155.0,46.283145904541016
2020-10-01,46.91440200805664,44.01960372924805,46.283145904541016,44.979713439941406,1802776660.0,44.979713439941406
2020-10-02,46.074317932128906,44.913028717041016,44.98576354980469,45.65327835083008,1136535215.0,45.65327835083008
2020-10-03,46.98771667480469,45.49260711669922,45.661476135253906,46.75080871582031,1212072761.0,46.75080871582031
2020-10-04,47.00795364379883,45.771568298339844,46.74441146850586,46.37938690185547,1370928815.0,46.37938690185547
2020-10-05,48.066715240478516,45.76201629638672,46.361366271972656,46.023780822753906,1898987866.0,46.023780822753906
2020-10-06,46.882877349853516,45.3762092590332,46.023780822753906,46.67470932006836,1261306261.0,46.67470932006836
2020-10-07,47.49536895751953,45.86587142944336,46.6353874206543,47.2384033203125,1445771028.0,47.2384033203125
2020-10-09,50.40800476074219,47.77711868286133,47.77711868286133,48.92109680175781,2781995604.0,48.92109680175781
2020-10-10,51.24394607543945,48.865318298339844,48.91490936279297,50.727901458740234,2601103257.0,50.727901458740234
2020-10-13,50.97562026977539,49.41543197631836,50.00718307495117,49.84648895263672,2213563866.0,49.84648895263672
2020-10-14,50.2487907409668,49.0589599609375,49.82561111450195,49.49037170410156,2340485565.0,49.49037170410156
2020-10-15,49.901912689208984,46.21237564086914,49.53493118286133,47.692874908447266,2331529601.0,47.692874908447266
2020-10-16,47.747188568115234,46.746177673339844,47.747188568115234,47.05392837524414,2169301016.0,47.05392837524414
2020-10-17,47.878196716308594,46.973388671875,47.059417724609375,47.619544982910156,2636565895.0,47.619544982910156
2020-10-18,48.49648666381836,46.9943733215332,47.641456604003906,48.098915100097656,1771107656.0,48.098915100097656
2020-10-19,48.44023895263672,46.68516159057617,48.10254669189453,47.051029205322266,1757468523.0,47.051029205322266
2020-10-20,54.54841232299805,47.05569076538086,47.062843322753906,53.04533004760742,3534993796.0,53.04533004760742
2020-10-21,56.06055450439453,53.00957489013672,53.015892028808594,54.267276763916016,3814584794.0,54.267276763916016
2020-10-22,56.66780471801758,53.1826171875,54.29941177368164,55.23868942260742,3519541892.0,55.23868942260742
2020-10-23,59.325233459472656,54.814544677734375,55.23872756958008,59.09558868408203,3899047277.0,59.09558868408203
2020-10-24,59.77090072631836,56.66130065917969,59.095584869384766,58.674800872802734,3725652470.0,58.674800872802734
2020-10-26,59.097110748291016,55.213218688964844,58.67481994628906,56.74577713012695,3701855843.0,56.74577713012695
2020-10-27,58.885128021240234,56.5108642578125,56.745750427246094,57.8160514831543,3431678162.0,57.8160514831543
2020-10-28,60.30220413208008,54.71086502075195,57.816078186035156,55.74251174926758,3786206312.0,55.74251174926758
2020-10-29,56.3043098449707,53.460052490234375,55.742557525634766,54.76585388183594,3010404352.0,54.76585388183594
2020-10-30,55.570556640625,52.52662658691406,54.765960693359375,53.83503341674805,2563994174.0,53.83503341674805
2020-10-31,56.10519790649414,53.533382415771484,53.83503723144531,55.59025955200195,2657420659.0,55.59025955200195
2020-11-01,55.97421646118164,54.25963592529297,55.59025955200195,55.587623596191406,2045991010.0,55.587623596191406
2020-11-02,56.71083450317383,53.2059440612793,55.58732223510742,53.817481994628906,3019889902.0,53.817481994628906
2020-11-03,54.27239990234375,51.64844512939453,53.81740951538086,53.81962203979492,2580300879.0,53.81962203979492
2020-11-04,55.00708770751953,51.60655975341797,53.8194694519043,54.49910354614258,3050534139.0,54.49910354614258
2020-11-05,59.223793029785156,54.50187301635742,54.50187301635742,58.678497314453125,3250514599.0,58.678497314453125
2020-11-06,63.28035354614258,58.46535110473633,58.67619323730469,63.13111114501953,4083503373.0,63.13111114501953
2020-11-07,64.40208435058594,57.59221267700195,63.13111114501953,59.143646240234375,4320946722.0,59.143646240234375
2020-11-08,61.81282043457031,58.8812370300293,59.143646240234375,61.05504608154297,2560316021.0,61.05504608154297
2020-11-09,61.77642822265625,57.84232711791992,61.055015563964844,59.36388397216797,2791720300.0,59.36388397216797
2020-11-10,59.657386779785156,57.597496032714844,59.3654670715332,58.237342834472656,2269831643.0,58.237342834472656
2020-11-11,60.548316955566406,58.20498275756836,58.237266540527344,59.51502990722656,2580790979.0,59.51502990722656
2020-11-12,60.44973373413086,58.30534744262695,59.514549255371094,60.365379333496094,2506731801.0,60.365379333496094
2020-11-13,66.02117919921875,60.31187438964844,60.36493682861328,65.45719909667969,4324936978.0,65.45719909667969
2020-11-14,65.83606719970703,61.9269905090332,65.45719909667969,63.77415084838867,2879859655.0,63.77415084838867
2020-11-15,64.14686584472656,61.234519958496094,63.77415466308594,62.27992248535156,2565763410.0,62.27992248535156
2020-11-16,71.99732208251953,62.17103576660156,62.2799186706543,71.32624816894531,5089779254.0,71.32624816894531
2020-11-17,76.4345932006836,71.23477172851562,73.5011215209961,75.85234069824219,5781117491.0,75.85234069824219
2020-11-18,76.44735717773438,69.62852478027344,75.84986114501953,73.69493865966797,6120728271.0,73.69493865966797
2020-11-19,83.21234130859375,71.79660034179688,73.6956787109375,81.68367004394531,6615851204.0,81.68367004394531
2020-11-20,85.17499542236328,80.26535034179688,81.68363189697266,82.5831527709961,6264878329.0,82.5831527709961
2020-11-21,88.00359344482422,80.65087890625,82.5831527709961,86.41011810302734,6565673514.0,86.41011810302734
2020-11-22,87.64380645751953,79.6460952758789,86.41011810302734,82.70420837402344,6285046852.0,82.70420837402344
2020-11-23,90.16441345214844,81.18516540527344,82.70428466796875,89.03931427001953,7198913664.0,89.03931427001953
2020-11-24,93.57601928710938,86.8316650390625,89.03275299072266,89.20537567138672,7748145325.0,89.20537567138672
2020-11-25,90.41155242919922,79.86409759521484,89.20350646972656,81.880126953125,6033297331.0,81.880126953125
2020-11-26,83.07267761230469,65.22534942626953,81.87519836425781,70.86572265625,8965913476.0,70.86572265625
2020-11-27,73.46366119384766,65.95252227783203,70.88436889648438,69.12387084960938,5874999214.0,69.12387084960938
2020-11-28,74.83356475830078,68.55299377441406,69.13182830810547,72.69296264648438,4784394518.0,72.69296264648438
2020-11-29,80.78340148925781,71.73285675048828,72.69962310791016,79.23506927490234,5314384738.0,79.23506927490234
2020-11-30,88.12899780273438,77.0670166015625,79.21046447753906,87.57463073730469,6812463307.0,87.57463073730469
2020-12-01,92.27677917480469,81.314208984375,87.57659912109375,85.4357681274414,9818290618.0,85.4357681274414
2020-12-02,90.10536193847656,83.39522552490234,85.43756103515625,88.85651397705078,7713268210.0,88.85651397705078
2020-12-03,91.12335205078125,85.80731964111328,88.87646484375,89.09896850585938,6014261404.0,89.09896850585938
2020-12-04,89.60210418701172,78.76920318603516,89.10392761230469,80.01707458496094,5444117736.0,80.01707458496094
2020-12-05,84.1685562133789,79.15448760986328,80.00739288330078,83.11872863769531,4517680975.0,83.11872863769531
2020-12-06,85.03716278076172,80.60243225097656,83.11591339111328,83.55533599853516,3454805957.0,83.55533599853516
2020-12-07,86.72644805908203,81.9332275390625,83.54549407958984,83.62406158447266,4312326196.0,83.62406158447266
2020-12-08,84.71400451660156,75.97650146484375,83.61647033691406,76.7486572265625,4230876095.0,76.7486572265625
2020-12-09,78.09993743896484,72.61898040771484,76.7384033203125,77.41098022460938,4239672634.0,77.41098022460938
2020-12-10,77.57532501220703,73.47132873535156,77.4122085571289,74.82955932617188,3007098971.0,74.82955932617188
2020-12-11,74.85487365722656,70.23130798339844,74.82575225830078,72.08733367919922,3761860017.0,72.08733367919922
2020-12-12,77.51998138427734,72.0787124633789,72.0787124633789,76.70689392089844,2966684035.0,76.70689392089844
2020-12-13,83.8890151977539,75.6593017578125,76.71316528320312,82.00064086914062,3845040543.0,82.00064086914062
2020-12-14,82.87445831298828,79.42679595947266,82.02944946289062,82.3631591796875,3459910049.0,82.3631591796875
2020-12-15,84.70834350585938,80.69972229003906,82.36437225341797,81.40067291259766,3727495996.0,81.40067291259766
2020-12-16,92.8460693359375,79.03235626220703,81.41154479980469,92.78968811035156,6152647270.0,92.78968811035156
2020-12-17,109.2346420288086,91.14077758789062,92.79939270019531,100.9595718383789,11165000706.0,100.9595718383789
2020-12-18,112.2507553100586,99.55088806152344,100.98905181884766,109.38450622558594,10096427749.0,109.38450622558594
2020-12-19,123.75543212890625,105.6860122680664,109.36553192138672,120.55890655517578,9859343632.0,120.55890655517578
2020-12-20,122.73542022705078,110.77295684814453,120.49281311035156,114.6659927368164,8652067110.0,114.6659927368164
2020-12-21,118.01512908935547,101.59909057617188,114.6683120727539,105.0053939819336,9903839433.0,105.0053939819336
2020-12-22,114.02957153320312,98.86866760253906,104.95057678222656,113.68036651611328,11221164987.0,113.68036651611328
2020-12-23,116.88765716552734,96.26966094970703,113.67897033691406,101.81706237792969,12287537836.0,101.81706237792969
2020-12-24,111.93286895751953,99.60633087158203,101.89503479003906,111.56539916992188,10108653753.0,111.56539916992188
2020-12-25,128.02589416503906,108.58560943603516,111.51172637939453,126.98359680175781,11678543063.0,126.98359680175781
2020-12-26,134.73513793945312,125.13356018066406,127.07919311523438,129.45919799804688,12680207148.0,129.45919799804688
2020-12-27,138.31971740722656,123.09740447998047,129.4566192626953,127.5169677734375,14103307412.0,127.5169677734375
2020-12-28,136.18507385253906,127.07134246826172,127.58830261230469,130.0503387451172,10248729547.0,130.0503387451172
2020-12-29,130.60858154296875,121.18720245361328,130.03326416015625,129.04080200195312,9160551332.0,129.04080200195312
2020-12-30,132.4501190185547,123.44434356689453,129.06185913085938,129.46607971191406,8127317345.0,129.46607971191406
2020-12-31,130.16624450683594,123.03648376464844,129.48028564453125,124.69032287597656,6274573135.0,124.69032287597656
2021-01-01,133.18576049804688,123.32807922363281,124.67276763916016,126.2303466796875,7326980728.0,126.2303466796875
2021-01-02,140.37257385253906,123.69361877441406,126.27296447753906,136.94488525390625,10532067985.0,136.94488525390625
